,precision,recall,f1-score,support
crazing,0.9938650306748467,1.0,0.9969230769230769,162.0
inclusion,1.0,0.9811320754716981,0.9904761904761905,159.0
patches,0.9845360824742269,0.9896373056994818,0.9870801033591732,193.0
pitted_surface,0.9775280898876404,1.0,0.9886363636363636,87.0
rolled-in_scale,1.0,0.9924242424242424,0.9961977186311787,132.0
scratches,1.0,1.0,1.0,121.0
accuracy,0.9929742388758782,0.9929742388758782,0.9929742388758782,0.9929742388758782
macro avg,0.9926548671727856,0.9938656039325703,0.9932189088376638,854.0
weighted avg,0.9930521577366226,0.9929742388758782,0.992977956898422,854.0
